Category,Symbol,Close Price,Today Volume,7-Day Avg Volume,Volume Surge (%)
Smallcap 250,TARIL,280.8,57280414,852077,6722.44
Nifty 500,TARIL,280.8,57280414,852077,6722.44
Nifty 500,LEMONTREE,107.67,32197118,2036495,1581.01
Smallcap 250,LEMONTREE,107.67,32197118,2036495,1581.01
Smallcap 250,SCHNEIDER,1275.4,1444982,176451,818.91
Nifty 500,SCHNEIDER,1275.4,1444982,176451,818.91
Nifty 500,JKCEMENT,4952.0,335492,42486,789.64
Nifty 500,BAJAJ-AUTO,10045.0,1491300,232117,642.48
Nifty 500,HFCL,238.36,23039457,4765583,483.46
Smallcap 250,HFCL,238.36,23039457,4765583,483.46
Nifty 500,ADANIGREEN,1276.1,6355094,1330805,477.54
Smallcap 250,WELSPUNLIV,239.17,22516675,4846497,464.6
Nifty 500,WELSPUNLIV,239.17,22516675,4846497,464.6
Nifty 500,ADANIENSOL,1326.4,7267118,1582037,459.35
Nifty 500,KOTAKBANK,418.35,76637247,17658910,433.99
Microcap 250,OMNI,608.65,2667824,634901,420.19
Smallcap 250,NUVOCO,322.1,1125207,275528,408.38
Nifty 500,NUVOCO,322.1,1125207,275528,408.38
Microcap 250,PRICOLLTD,734.5,940627,233442,402.94
Nifty 500,ENRIN,3334.0,1649842,410156,402.25
Microcap 250,MANORAMA,1880.3,485712,125612,386.67
Smallcap 250,STLTECH,955.35,5594054,1564810,357.49
Nifty 500,STLTECH,955.35,5594054,1564810,357.49
Nifty 500,ESCORTS,2667.3,338525,96072,352.37
Nifty 500,APLAPOLLO,2115.7,1615913,473174,341.5
Smallcap 250,AAVAS,1190.9,280168,82496,339.61
Nifty 500,AAVAS,1190.9,280168,82496,339.61
Nifty 500,SUMICHEM,417.6,886386,263838,335.96
Smallcap 250,SUMICHEM,417.6,886386,263838,335.96
Nifty 500,MPHASIS,2250.2,1178274,358095,329.04
Nifty 500,BALKRISIND,2083.5,326468,99638,327.65
Nifty 500,FLUOROCHEM,4341.5,156006,48757,319.96
Microcap 250,SJS,2159.8,310025,98792,313.81
Microcap 250,ATLANTAELE,1716.5,345205,110670,311.92
Microcap 250,SURYAROSNI,220.67,1421013,456783,311.09
Nifty 500,HAVELLS,1040.0,2030089,653041,310.87
Nifty 500,FORTIS,785.0,6942851,2299715,301.9
Nifty 500,IDBI,86.57,26713864,9140349,292.26
Smallcap 250,IDBI,86.57,26713864,9140349,292.26
Microcap 250,SUDARSCHEM,1241.5,425401,146796,289.79
Nifty 500,J&KBANK,139.98,3955477,1372548,288.18
Smallcap 250,J&KBANK,139.98,3955477,1372548,288.18
Microcap 250,AVL,572.3,241841,84088,287.6
Smallcap 250,RITES,209.48,21390228,7539174,283.72
Nifty 500,RITES,209.48,21390228,7539174,283.72
Nifty 500,BOSCHLTD,45480.0,48572,17547,276.8
Smallcap 250,NUVAMA,1701.4,856086,313104,273.42
Nifty 500,NUVAMA,1701.4,856086,313104,273.42
Nifty 500,ONESOURCE,1508.0,608709,223786,272.0
Smallcap 250,ONESOURCE,1508.0,608709,223786,272.0
Nifty 500,HYUNDAI,2024.0,1795808,672014,267.23
Microcap 250,V2RETAIL,201.39,1693991,636077,266.32
Nifty 500,IRCTC,454.1,1528758,575187,265.78
Nifty 500,MINDACORP,667.35,497785,187497,265.49
Smallcap 250,MINDACORP,667.35,497785,187497,265.49
Nifty 500,CGPOWER,879.0,4633143,1773524,261.24
Microcap 250,SHILPAMED,1064.1,1687680,651603,259.0
Nifty 500,MARUTI,11386.0,885820,342342,258.75
Microcap 250,AMAGI,554.05,919619,356971,257.62
Nifty 500,AMBUJACEM,362.25,3893265,1512721,257.37
Microcap 250,WEWORK,659.6,303711,119182,254.83
Smallcap 250,CCL,1056.6,405128,161123,251.44
Nifty 500,CCL,1056.6,405128,161123,251.44
Nifty 500,PRESTIGE,1486.1,1381292,551537,250.44
Microcap 250,BECTORFOOD,213.03,1664376,668193,249.09
Nifty 500,BAJAJFINSV,1732.6,2292234,939018,244.11
Smallcap 250,INOXINDIA,2168.3,629630,258210,243.84
Nifty 500,INOXINDIA,2168.3,629630,258210,243.84
Nifty 500,JSWSTEEL,1233.0,3158301,1306417,241.75
Nifty 500,M&M,2860.0,5453321,2282016,238.97
Nifty 500,NYKAA,324.95,7907193,3332143,237.3
Nifty 500,LLOYDSME,1776.8,982427,416642,235.8
Smallcap 250,CMPDI,204.38,2709836,1149616,235.72
Nifty 500,CMPDI,204.38,2709836,1149616,235.72
Smallcap 250,LTFOODS,399.15,813144,347082,234.28
Nifty 500,LTFOODS,399.15,813144,347082,234.28
Nifty 500,JIOFIN,212.5,28082023,12014113,233.74
Nifty 500,EICHERMOT,6920.0,817452,349794,233.7
Nifty 500,SBILIFE,1721.6,3329860,1437218,231.69
Microcap 250,CAMPUS,205.83,647062,279360,231.62
Nifty 500,M&MFIN,319.75,3088333,1339539,230.55
Microcap 250,KISSHT,371.15,3578605,1576089,227.06
Microcap 250,BIRLACORPN,828.95,82178,36377,225.9
Nifty 500,COFORGE,1826.0,3419070,1538510,222.23
Nifty 500,ALKEM,5220.0,291015,131690,220.98
Nifty 500,SRF,2486.2,352530,160601,219.51
Nifty 500,ABSLAMC,991.7,282008,129901,217.09
Smallcap 250,ABSLAMC,991.7,282008,129901,217.09
Microcap 250,KNRCON,113.29,1901783,877144,216.82
Microcap 250,ASHOKA,105.31,960898,444422,216.21
Nifty 500,LICHSGFIN,509.0,5986497,2773933,215.81
Nifty 500,ANGELONE,276.8,6751156,3194412,211.34
Smallcap 250,ANGELONE,276.8,6751156,3194412,211.34
Smallcap 250,AADHARHFC,448.4,620361,297823,208.3
Nifty 500,AADHARHFC,448.4,620361,297823,208.3
Nifty 500,GRASIM,2962.0,1385746,671149,206.47
Microcap 250,METROPOLIS,537.9,446423,216608,206.1
Nifty 500,TATASTEEL,178.0,47659952,23297963,204.57
Microcap 250,IMFA,1176.8,141199,69063,204.45
Smallcap 250,JINDALSAW,270.3,2164459,1061072,203.99
Nifty 500,JINDALSAW,270.3,2164459,1061072,203.99
Smallcap 250,GMDCLTD,487.65,1342310,659314,203.59
Nifty 500,GMDCLTD,487.65,1342310,659314,203.59
Microcap 250,CMSINFO,220.69,1010975,498012,203.0
Nifty 500,TDPOWERSYS,792.15,5370306,2648165,202.79
Smallcap 250,TDPOWERSYS,792.15,5370306,2648165,202.79
Nifty 500,BHEL,421.0,12669050,6400817,197.93
Nifty 500,TIINDIA,2340.0,471021,238275,197.68
Nifty 500,FORCEMOT,16800.0,117482,59912,196.09
Smallcap 250,FORCEMOT,16800.0,117482,59912,196.09
Nifty 500,HEROMOTOCO,5168.0,862662,442409,194.99
Microcap 250,VIPIND,280.75,382593,199151,192.11
Microcap 250,JSLL,480.8,905116,473856,191.01
Nifty 500,MEDANTA,1357.3,363086,190359,190.74
Nifty 500,ASHOKLEY,150.48,20574319,10807476,190.37
Nifty 500,MTARTECH,7797.0,283715,149968,189.18
Smallcap 250,MTARTECH,7797.0,283715,149968,189.18
Nifty 500,SAMMAANCAP,132.48,6813037,3604811,189.0
Smallcap 250,SAMMAANCAP,132.48,6813037,3604811,189.0
Microcap 250,CSBBANK,304.75,613159,326726,187.67
Nifty 500,ULTRACEMCO,10710.0,570684,305567,186.76
Nifty 500,LINDEINDIA,6247.5,42491,22764,186.66
Smallcap 250,ACE,1212.3,465866,251120,185.51
Nifty 500,ACE,1212.3,465866,251120,185.51
Microcap 250,EPL,232.39,2613252,1412067,185.07
Microcap 250,LUMAXTECH,1978.9,238440,129284,184.43
Nifty 500,INDUSTOWER,376.25,9498411,5163135,183.97
Nifty 500,TVSMOTOR,4021.0,1234692,671211,183.95
Microcap 250,SKIPPER,541.2,1034814,563715,183.57
Smallcap 250,ELGIEQUIP,584.65,435205,237487,183.25
Nifty 500,ELGIEQUIP,584.65,435205,237487,183.25
Nifty 500,KALYANKJIL,528.5,7831270,4289811,182.56
Nifty 500,BAJAJHFL,82.91,5602067,3086135,181.52
Microcap 250,KTKBANK,321.6,3306218,1834537,180.22
Nifty 500,GPIL,215.67,2042248,1135666,179.83
Smallcap 250,GPIL,215.67,2042248,1135666,179.83
Microcap 250,FIEMIND,1794.8,115474,64932,177.84
Nifty 500,MOTHERSON,157.03,23039471,12973212,177.59
Nifty 500,TEJASNET,464.8,1792351,1014078,176.75
Smallcap 250,TEJASNET,464.8,1792351,1014078,176.75
Smallcap 250,CANFINHOME,711.0,417879,236560,176.65
Nifty 500,CANFINHOME,711.0,417879,236560,176.65
Nifty 500,THERMAX,3360.6,290287,164466,176.5
Nifty 500,NESTLEIND,1307.7,1626876,923437,176.18
Microcap 250,GPPL,165.88,1997403,1135862,175.85
Microcap 250,SUVEN,308.3,713418,408075,174.82
Nifty 500,ASIANPAINT,2407.0,1005836,580190,173.36
Nifty 500,FEDERALBNK,318.2,11278668,6540919,172.43
Microcap 250,SGMART,742.2,314856,182961,172.09
Nifty 500,CROMPTON,202.7,4535645,2639947,171.81
Smallcap 250,CROMPTON,202.7,4535645,2639947,171.81
Nifty 500,HEXT,490.45,258061,150382,171.6
Smallcap 250,BSOFT,269.75,1536439,896304,171.42
Nifty 500,BSOFT,269.75,1536439,896304,171.42
Smallcap 250,VIJAYA,1428.0,188777,110451,170.91
Nifty 500,VIJAYA,1428.0,188777,110451,170.91
Nifty 500,ICICIAMC,3084.4,524043,308876,169.66
Smallcap 250,ABREL,1100.5,435320,259698,167.63
Nifty 500,ABREL,1100.5,435320,259698,167.63
Smallcap 250,SHRIPISTON,4490.5,186749,111589,167.35
Nifty 500,SHRIPISTON,4490.5,186749,111589,167.35
Nifty 500,ABCAPITAL,375.05,5001023,3007854,166.27
Microcap 250,INDIGOPNTS,1053.5,75763,45715,165.73
Smallcap 250,GRSE,2111.1,571755,345784,165.35
Nifty 500,GRSE,2111.1,571755,345784,165.35
Microcap 250,FEDFINA,149.77,1579564,955572,165.3
Smallcap 250,CREDITACC,1239.0,343285,208030,165.02
Nifty 500,CREDITACC,1239.0,343285,208030,165.02
Smallcap 250,KARURVYSYA,325.3,3073268,1862539,165.0
Nifty 500,KARURVYSYA,325.3,3073268,1862539,165.0
Microcap 250,LOTUSDEV,230.07,1685413,1021638,164.97
Microcap 250,RENUKA,21.34,18593657,11313235,164.35
Smallcap 250,IRCON,110.25,20851568,12688883,164.33
Nifty 500,IRCON,110.25,20851568,12688883,164.33
Nifty 500,SAILIFE,1541.2,584535,356126,164.14
Smallcap 250,SAILIFE,1541.2,584535,356126,164.14
Nifty 500,ITC,255.9,16447266,10045821,163.72
Smallcap 250,ZENSARTECH,434.35,1843893,1132295,162.85
Nifty 500,ZENSARTECH,434.35,1843893,1132295,162.85
Microcap 250,SIGMAADV,1076.9,542861,334021,162.52
Nifty 500,HDFCAMC,2308.1,1134071,698621,162.33
Microcap 250,LUMAXIND,5550.0,16937,10487,161.5
Nifty 500,ADANIPOWER,196.21,33548439,20815926,161.17
Microcap 250,MEDPLUS,654.3,134611,83598,161.02
Nifty 500,MOTILALOFS,989.9,1607962,999333,160.9
Microcap 250,SANDUMA,177.67,662436,412215,160.7
Nifty 500,HDBFS,618.2,440447,275171,160.06
Nifty 500,UNOMINDA,1111.0,788650,493840,159.7
Nifty 500,IDEA,12.64,612490273,384390596,159.34
Nifty 500,INFY,1035.0,15166446,9521686,159.28
Nifty 500,JBMA,544.65,403885,253700,159.2
Smallcap 250,JBMA,544.65,403885,253700,159.2
Microcap 250,STAR,1084.8,340843,214413,158.97
Microcap 250,RATEGAIN,840.65,373023,235375,158.48
Nifty 500,TECHM,1533.0,2663224,1683740,158.17
Microcap 250,RBA,92.22,3782272,2397288,157.77
Microcap 250,AXISCADES,2307.3,681040,435004,156.56
Nifty 500,RKFORGE,695.45,862927,551871,156.36
Smallcap 250,RKFORGE,695.45,862927,551871,156.36
Smallcap 250,LALPATHLAB,2005.1,542969,348496,155.8
Nifty 500,LALPATHLAB,2005.1,542969,348496,155.8
Nifty 500,RADICO,4237.0,426809,274658,155.4
Nifty 500,GICRE,323.9,720831,464196,155.29
Microcap 250,JKPAPER,382.6,365209,235656,154.98
Nifty 500,BANKBARODA,230.82,9034271,5834293,154.85
Nifty 500,SYNGENE,361.3,530462,342646,154.81
Smallcap 250,SYNGENE,361.3,530462,342646,154.81
Smallcap 250,RPOWER,19.41,28326462,18306121,154.74
Nifty 500,RPOWER,19.41,28326462,18306121,154.74
Microcap 250,EIEL,184.0,775964,504801,153.72
Microcap 250,WEBELSOLAR,68.7,2357402,1537647,153.31
Microcap 250,VIYASH,231.75,3532864,2320803,152.23
Nifty 500,HINDPETRO,345.0,5754484,3786147,151.99
Nifty 500,MSUMI,33.53,16228437,10685009,151.88
Smallcap 250,MSUMI,33.53,16228437,10685009,151.88
Microcap 250,BALAMINES,2052.2,213491,140626,151.81
Microcap 250,GSFC,146.9,1070806,711040,150.6
Smallcap 250,KIMS,736.25,900776,599202,150.33
Nifty 500,KIMS,736.25,900776,599202,150.33
Microcap 250,AURIONPRO,607.8,181004,120526,150.18
Nifty 500,GODFRYPHLP,1849.7,256983,171589,149.77
Nifty 500,SUNPHARMA,1801.0,2314700,1546168,149.71
Nifty 500,GMRAIRPORT,93.16,15683898,10527496,148.98
Nifty 500,MAXHEALTH,940.95,5464461,3676809,148.62
Nifty 500,NEULANDLAB,21505.0,70377,47360,148.6
Smallcap 250,NEULANDLAB,21505.0,70377,47360,148.6
Microcap 250,SAMHI,154.37,1073954,723018,148.54
Nifty 500,GVT&D,4253.2,784543,528736,148.38
Nifty 500,DLF,658.4,6264045,4227157,148.19
Nifty 500,HUDCO,161.54,3136559,2116764,148.18
Nifty 500,RRKABEL,2518.2,377828,255008,148.16
Smallcap 250,RRKABEL,2518.2,377828,255008,148.16
Nifty 500,IOC,131.34,12239747,8281982,147.79
Microcap 250,VIKRAMSOLR,154.35,2528456,1713210,147.59
Smallcap 250,PNBHOUSING,1092.0,1090171,738790,147.56
Nifty 500,PNBHOUSING,1092.0,1090171,738790,147.56
Microcap 250,HCC,20.23,16600215,11290596,147.03
Nifty 500,MARICO,781.35,1777571,1209325,146.99
Nifty 500,IPCALAB,1943.2,323967,221029,146.57
Nifty 500,HINDALCO,941.85,5877840,4023156,146.1
Nifty 500,ANTHEM,855.75,648832,444733,145.89
Microcap 250,GENUSPOWER,280.0,2287333,1569120,145.77
Nifty 500,ABB,6900.0,240835,166053,145.04
Nifty 500,ENDURANCE,2601.4,123076,84968,144.85
Microcap 250,SENORES,1349.6,363714,251376,144.69
Nifty 500,TATACONSUM,957.0,1829307,1264271,144.69
Microcap 250,SFL,616.65,197639,136712,144.57
Smallcap 250,MANAPPURAM,308.9,7653852,5295333,144.54
Nifty 500,MANAPPURAM,308.9,7653852,5295333,144.54
Microcap 250,HERITGFOOD,402.9,324704,224802,144.44
Smallcap 250,NSLNISP,40.95,7092056,4912613,144.36
Nifty 500,NSLNISP,40.95,7092056,4912613,144.36
Nifty 500,CUB,230.04,4776469,3309108,144.34
Smallcap 250,CUB,230.04,4776469,3309108,144.34
Nifty 500,HONAUT,33470.0,8388,5836,143.73
Smallcap 250,HONAUT,33470.0,8388,5836,143.73
Nifty 500,VBL,425.3,8516414,5936842,143.45
Nifty 500,BHARTIHEXA,1379.2,116666,81554,143.05
Nifty 500,ADANIENT,2816.8,2100334,1469561,142.92
Nifty 500,BLUESTARCO,1459.6,962569,674550,142.7
Microcap 250,SHREEJISPG,775.35,1026808,720427,142.53
Microcap 250,TARC,125.58,360964,254278,141.96
Smallcap 250,CGCL,249.23,2812833,1984643,141.73
Nifty 500,CGCL,249.23,2812833,1984643,141.73
Microcap 250,SMLMAH,6251.0,72958,51507,141.65
Nifty 500,KFINTECH,832.0,857914,606892,141.36
Smallcap 250,KFINTECH,832.0,857914,606892,141.36
Nifty 500,ONGC,222.37,13099985,9271801,141.29
Microcap 250,CRAMC,216.52,540916,384116,140.82
Nifty 500,NAUKRI,1200.0,2219568,1580721,140.41
Nifty 500,ICICIBANK,1310.6,13163495,9417338,139.78
Nifty 500,DMART,3813.0,652283,466744,139.75
Nifty 500,WAAREEENER,2340.0,841593,604007,139.33
Microcap 250,BORORENEW,449.6,531272,381902,139.11
Nifty 500,APOLLOHOSP,8133.5,939105,676973,138.72
Microcap 250,SKYGOLD,810.65,1141277,824098,138.49
Nifty 500,AUBANK,987.0,2487890,1803016,137.98
Smallcap 250,MGL,1045.4,226314,164145,137.87
Nifty 500,MGL,1045.4,226314,164145,137.87
Microcap 250,TVSSCS,128.42,767101,557058,137.71
Nifty 500,CHOICEIN,719.4,433514,316605,136.93
Smallcap 250,CHOICEIN,719.4,433514,316605,136.93
Microcap 250,RAIN,208.52,4313649,3151432,136.88
Smallcap 250,TRITURBINE,530.0,473633,346551,136.67
Nifty 500,TRITURBINE,530.0,473633,346551,136.67
Nifty 500,JUBLFOOD,443.4,1560787,1142470,136.62
Nifty 500,AFFLE,1449.6,179131,131160,136.57
Smallcap 250,AFFLE,1449.6,179131,131160,136.57
Nifty 500,SAIL,174.5,26206885,19196688,136.52
Smallcap 250,CLEAN,803.05,317480,232783,136.38
Nifty 500,CLEAN,803.05,317480,232783,136.38
Microcap 250,SHARDACROP,709.2,128905,94589,136.28
Nifty 500,AIIL,539.3,224276,164690,136.18
Nifty 500,NHPC,71.75,10903143,8020569,135.94
Nifty 500,VEDL,252.05,10131800,7457635,135.86
Nifty 500,LT,3693.4,2220932,1640679,135.37
Nifty 500,AEGISLOG,1401.1,1061975,787256,134.9
Smallcap 250,AEGISLOG,1401.1,1061975,787256,134.9
Nifty 500,TBOTEK,1671.5,304392,226605,134.33
Smallcap 250,TBOTEK,1671.5,304392,226605,134.33
Nifty 500,MRF,123715.0,3448,2569,134.2
Nifty 500,PAGEIND,36660.0,40495,30292,133.68
Microcap 250,RATNAMANI,2619.4,45999,34561,133.09
Nifty 500,COLPAL,1735.0,412868,310309,133.05
Smallcap 250,INDIACEM,295.15,231935,174497,132.92
Nifty 500,INDIACEM,295.15,231935,174497,132.92
Nifty 500,CDSL,1242.5,1324382,999354,132.52
Smallcap 250,CDSL,1242.5,1324382,999354,132.52
Microcap 250,VOLTAMP,10426.0,16047,12129,132.3
Microcap 250,THOMASCOOK,100.7,539181,407963,132.16
Microcap 250,CCAVENUE,15.28,13286633,10067413,131.98
Microcap 250,IFBIND,1166.2,41264,31351,131.62
Microcap 250,ALKYLAMINE,1741.4,37732,28693,131.5
Nifty 500,PERSISTENT,5367.0,506268,385672,131.27
Nifty 500,ETERNAL,313.9,29716584,22766845,130.53
Microcap 250,DIACABS,345.0,912342,700030,130.33
Smallcap 250,SCI,267.05,1466021,1125496,130.26
Nifty 500,SCI,267.05,1466021,1125496,130.26
Smallcap 250,TECHNOE,998.6,159231,122412,130.08
Nifty 500,TECHNOE,998.6,159231,122412,130.08
Microcap 250,KRBL,375.9,470715,362278,129.93
Nifty 500,SHRIRAMFIN,945.0,5599670,4309820,129.93
Microcap 250,JYOTHYLAB,182.91,392204,301920,129.9
Microcap 250,REFEX,271.3,342794,264205,129.75
Smallcap 250,BLS,216.51,803646,619987,129.62
Nifty 500,BLS,216.51,803646,619987,129.62
Microcap 250,TMB,872.05,205835,159639,128.94
Nifty 500,LTTS,3267.8,80220,62403,128.55
Nifty 500,BHARATFORG,1875.0,1151437,897600,128.28
Nifty 500,GODREJIND,1019.6,105287,82133,128.19
Smallcap 250,UCOBANK,22.93,3788182,2955813,128.16
Nifty 500,BELRISE,237.5,3756358,2931097,128.16
Smallcap 250,BELRISE,237.5,3756358,2931097,128.16
Nifty 500,UCOBANK,22.93,3788182,2955813,128.16
Nifty 500,SUPREMEIND,3380.0,167968,131120,128.1
Nifty 500,PHOENIXLTD,1930.0,555494,434324,127.9
Smallcap 250,SJVN,57.91,4376261,3422210,127.88
Nifty 500,SJVN,57.91,4376261,3422210,127.88
Nifty 500,ITCHOTELS,158.51,2346443,1837040,127.73
Nifty 500,NTPC,315.1,10094465,7904225,127.71
Nifty 500,NLCINDIA,253.2,1597038,1251023,127.66
Nifty 500,BRITANNIA,4778.0,362699,284782,127.36
Nifty 500,NATCOPHARM,821.3,717435,564301,127.14
Smallcap 250,NATCOPHARM,821.3,717435,564301,127.14
Nifty 500,OIL,444.0,2266203,1784954,126.96
Nifty 500,BPCL,300.6,5618518,4431555,126.78
Nifty 500,SAGILITY,43.17,11692520,9250770,126.4
Smallcap 250,SAGILITY,43.17,11692520,9250770,126.4
Microcap 250,JUSTDIAL,653.15,123750,98141,126.09
Microcap 250,PNCINFRA,138.16,1668999,1325560,125.91
Microcap 250,RALLIS,199.69,606641,481864,125.89
Smallcap 250,CAMS,677.25,1577224,1255763,125.6
Nifty 500,CAMS,677.25,1577224,1255763,125.6
Smallcap 250,GRANULES,821.75,783432,624293,125.49
Nifty 500,GRANULES,821.75,783432,624293,125.49
Microcap 250,IONEXCHANG,406.4,219266,174960,125.32
Microcap 250,AEROFLEX,521.35,1183839,945216,125.25
Microcap 250,KIRLPNU,681.95,97672,78091,125.07
Nifty 500,ZYDUSLIFE,1145.7,2547369,2037555,125.02
Nifty 500,NMDC,74.64,17077400,13678168,124.85
Nifty 500,DEEPAKNTR,1492.8,157119,126200,124.5
Smallcap 250,DEEPAKNTR,1492.8,157119,126200,124.5
Microcap 250,MOIL,232.66,545882,440371,123.96
Nifty 500,SIEMENS,3804.0,243713,196953,123.74
Nifty 500,HDFCBANK,721.2,37389857,30272300,123.51
Smallcap 250,WELCORP,2605.8,2309126,1872183,123.34
Nifty 500,WELCORP,2605.8,2309126,1872183,123.34
Smallcap 250,GRAVITA,1412.6,291677,236989,123.08
Nifty 500,GRAVITA,1412.6,291677,236989,123.08
Microcap 250,ENTERO,1680.8,205073,166771,122.97
Nifty 500,KPITTECH,492.0,1989750,1631111,121.99
Smallcap 250,KPITTECH,492.0,1989750,1631111,121.99
Microcap 250,DBREALTY,91.7,1272913,1046540,121.63
Nifty 500,TMPV,279.4,15258191,12555265,121.53
Microcap 250,BANCOINDIA,589.85,78841,65036,121.23
Nifty 500,LUPIN,2031.2,825892,681243,121.23
Nifty 500,AUROPHARMA,1676.8,1074057,888658,120.86
Nifty 500,ZFCVINDIA,2241.0,154904,128175,120.85
Smallcap 250,ZFCVINDIA,2241.0,154904,128175,120.85
Nifty 500,HCLTECH,1243.1,3430282,2845086,120.57
Nifty 500,MAZDOCK,2064.0,648362,539345,120.21
Nifty 500,EXIDEIND,409.45,2369486,1974927,119.98
Smallcap 250,CEMPRO,1178.9,221740,184849,119.96
Nifty 500,CEMPRO,1178.9,221740,184849,119.96
Microcap 250,LXCHEM,181.39,1470337,1226161,119.91
Smallcap 250,PGEL,481.1,1012842,844785,119.89
Nifty 500,PGEL,481.1,1012842,844785,119.89
Nifty 500,BATAINDIA,613.0,126719,105707,119.88
Smallcap 250,BATAINDIA,613.0,126719,105707,119.88
Nifty 500,AXISBANK,1217.1,7005197,5857330,119.6
Microcap 250,EBGNG,704.7,892168,747271,119.39
Microcap 250,ZAGGLE,171.73,843126,707116,119.23
Smallcap 250,AARTIIND,465.1,486186,408769,118.94
Nifty 500,AARTIIND,465.1,486186,408769,118.94
Smallcap 250,RBLBANK,411.4,5387538,4539891,118.67
Nifty 500,RBLBANK,411.4,5387538,4539891,118.67
Smallcap 250,CARTRADE,2806.6,312645,263830,118.5
Nifty 500,CARTRADE,2806.6,312645,263830,118.5
Smallcap 250,EIDPARRY,674.55,341622,289006,118.21
Nifty 500,EIDPARRY,674.55,341622,289006,118.21
Nifty 500,GLENMARK,2331.0,972522,823275,118.13
Smallcap 250,NCC,130.06,6751497,5717774,118.08
Nifty 500,NCC,130.06,6751497,5717774,118.08
Microcap 250,ADVENZYMES,274.25,228704,193883,117.96
Nifty 500,ARE&M,747.4,509131,431648,117.95
Microcap 250,NFL,63.85,633608,537202,117.95
Smallcap 250,ARE&M,747.4,509131,431648,117.95
Microcap 250,JAIBALAJI,61.72,504237,427607,117.92
Microcap 250,HAPPYFORGE,2003.7,100454,85251,117.83
Nifty 500,TATACAP,319.3,2467983,2102863,117.36
Nifty 500,IGL,142.79,2346741,1999943,117.34
Smallcap 250,IGL,142.79,2346741,1999943,117.34
Microcap 250,VAIBHAVGBL,203.53,254791,217292,117.26
Microcap 250,HCG,668.75,108392,92483,117.2
Nifty 500,RELIANCE,1167.7,16771221,14324215,117.08
Nifty 500,DIVISLAB,9249.0,567310,487458,116.38
Smallcap 250,NAVA,552.5,336721,289594,116.27
Nifty 500,NAVA,552.5,336721,289594,116.27
Nifty 500,SONACOMS,805.0,3497748,3009881,116.21
Smallcap 250,SONACOMS,805.0,3497748,3009881,116.21
Microcap 250,BLUEJET,541.8,522842,451057,115.91
Nifty 500,BEL,383.1,10250149,8856409,115.74
Microcap 250,JAYNECOIND,91.28,3192474,2765889,115.42
Microcap 250,NETWORK18,25.43,3188680,2764055,115.36
Nifty 500,JSWENERGY,485.0,1851516,1610260,114.98
Nifty 500,ADANIPORTS,1737.8,2157928,1888392,114.27
Microcap 250,FINPIPE,150.49,397198,348180,114.08
Smallcap 250,CEATLTD,3286.6,49734,43604,114.06
Nifty 500,CEATLTD,3286.6,49734,43604,114.06
Nifty 500,POWERINDIA,31290.0,145146,127519,113.82
Nifty 500,ZENTEC,1576.1,251378,221334,113.57
Smallcap 250,ZENTEC,1576.1,251378,221334,113.57
Microcap 250,ARVIND,534.05,565179,498712,113.33
Microcap 250,DYNAMATECH,13756.0,42592,37675,113.05
Smallcap 250,ZEEL,71.92,13789871,12222635,112.82
Nifty 500,ZEEL,71.92,13789871,12222635,112.82
Nifty 500,PIDILITIND,1464.0,867267,768782,112.81
Smallcap 250,NBCC,77.4,6195124,5495742,112.73
Nifty 500,NBCC,77.4,6195124,5495742,112.73
Nifty 500,CENTRALBK,30.0,4707687,4176900,112.71
Smallcap 250,CENTRALBK,30.0,4707687,4176900,112.71
Nifty 500,TORNTPOWER,1242.9,156392,138855,112.63
Microcap 250,ASTRAMICRO,1624.5,308113,274028,112.44
Microcap 250,PRAJIND,303.25,401299,356986,112.41
Smallcap 250,BRIGADE,569.55,310825,277606,111.97
Nifty 500,BRIGADE,569.55,310825,277606,111.97
Nifty 500,DABUR,374.25,2455226,2193440,111.93
Microcap 250,SUNTECK,279.45,137778,123310,111.73
Nifty 500,TCS,2075.0,3428501,3074877,111.5
Smallcap 250,NETWEB,4520.3,752580,677397,111.1
Nifty 500,NETWEB,4520.3,752580,677397,111.1
Nifty 500,CHENNPETRO,1346.4,1838710,1661532,110.66
Smallcap 250,CHENNPETRO,1346.4,1838710,1661532,110.66
Nifty 500,AEGISVOPAK,290.75,1739742,1575925,110.39
Smallcap 250,AEGISVOPAK,290.75,1739742,1575925,110.39
Smallcap 250,PARADEEP,151.22,1745429,1584872,110.13
Nifty 500,PARADEEP,151.22,1745429,1584872,110.13
Microcap 250,QPOWER,1564.6,317871,288660,110.12
